{
  "hash": "6d4f3c22",
  "configHash": "1a15e6a1",
  "lockfileHash": "d61ca529",
  "browserHash": "9cb914d8",
  "optimized": {
    "@angular/common": {
      "src": "../../../../../node_modules/@angular/common/fesm2022/common.mjs",
      "file": "@angular_common.js",
      "fileHash": "bb8fb1b1",
      "needsInterop": false
    },
    "@angular/common/http": {
      "src": "../../../../../node_modules/@angular/common/fesm2022/http.mjs",
      "file": "@angular_common_http.js",
      "fileHash": "8c44a8ce",
      "needsInterop": false
    },
    "@angular/core": {
      "src": "../../../../../node_modules/@angular/core/fesm2022/core.mjs",
      "file": "@angular_core.js",
      "fileHash": "88194f95",
      "needsInterop": false
    },
    "@angular/forms": {
      "src": "../../../../../node_modules/@angular/forms/fesm2022/forms.mjs",
      "file": "@angular_forms.js",
      "fileHash": "52015e79",
      "needsInterop": false
    },
    "@angular/platform-browser": {
      "src": "../../../../../node_modules/@angular/platform-browser/fesm2022/platform-browser.mjs",
      "file": "@angular_platform-browser.js",
      "fileHash": "320c44bc",
      "needsInterop": false
    },
    "@angular/router": {
      "src": "../../../../../node_modules/@angular/router/fesm2022/router.mjs",
      "file": "@angular_router.js",
      "fileHash": "6dfd0294",
      "needsInterop": false
    },
    "rxjs": {
      "src": "../../../../../node_modules/rxjs/dist/esm5/index.js",
      "file": "rxjs.js",
      "fileHash": "350dec5e",
      "needsInterop": false
    }
  },
  "chunks": {
    "chunk-X4I2J2CT": {
      "file": "chunk-X4I2J2CT.js"
    },
    "chunk-ORHJCG5B": {
      "file": "chunk-ORHJCG5B.js"
    },
    "chunk-5CWANZSO": {
      "file": "chunk-5CWANZSO.js"
    },
    "chunk-IJ2OTCV2": {
      "file": "chunk-IJ2OTCV2.js"
    },
    "chunk-2CVCC5YH": {
      "file": "chunk-2CVCC5YH.js"
    }
  }
}