{
  "hash": "09e5b52a",
  "configHash": "16fb2e62",
  "lockfileHash": "3e4f5aa9",
  "browserHash": "645f3305",
  "optimized": {
    "@angular/common": {
      "src": "../../../../../node_modules/@angular/common/fesm2022/common.mjs",
      "file": "@angular_common.js",
      "fileHash": "91e12e17",
      "needsInterop": false
    },
    "@angular/common/http": {
      "src": "../../../../../node_modules/@angular/common/fesm2022/http.mjs",
      "file": "@angular_common_http.js",
      "fileHash": "1ff29110",
      "needsInterop": false
    },
    "@angular/core": {
      "src": "../../../../../node_modules/@angular/core/fesm2022/core.mjs",
      "file": "@angular_core.js",
      "fileHash": "72485901",
      "needsInterop": false
    },
    "@angular/forms": {
      "src": "../../../../../node_modules/@angular/forms/fesm2022/forms.mjs",
      "file": "@angular_forms.js",
      "fileHash": "e85180ac",
      "needsInterop": false
    },
    "@angular/platform-browser": {
      "src": "../../../../../node_modules/@angular/platform-browser/fesm2022/platform-browser.mjs",
      "file": "@angular_platform-browser.js",
      "fileHash": "7a010068",
      "needsInterop": false
    },
    "@angular/platform-server": {
      "src": "../../../../../node_modules/@angular/platform-server/fesm2022/platform-server.mjs",
      "file": "@angular_platform-server.js",
      "fileHash": "a38092ef",
      "needsInterop": false
    },
    "@angular/router": {
      "src": "../../../../../node_modules/@angular/router/fesm2022/router.mjs",
      "file": "@angular_router.js",
      "fileHash": "0b8b84b8",
      "needsInterop": false
    },
    "rxjs": {
      "src": "../../../../../node_modules/rxjs/dist/cjs/index.js",
      "file": "rxjs.js",
      "fileHash": "ff6c3009",
      "needsInterop": true
    },
    "rxjs/operators": {
      "src": "../../../../../node_modules/rxjs/dist/cjs/operators/index.js",
      "file": "rxjs_operators.js",
      "fileHash": "275e110f",
      "needsInterop": true
    }
  },
  "chunks": {
    "xhr2-AQ42KH57": {
      "file": "xhr2-AQ42KH57.js"
    },
    "chunk-PZG3BM2P": {
      "file": "chunk-PZG3BM2P.js"
    },
    "chunk-MFZED5SP": {
      "file": "chunk-MFZED5SP.js"
    },
    "chunk-7E32ZYHV": {
      "file": "chunk-7E32ZYHV.js"
    },
    "chunk-4PZJV3KZ": {
      "file": "chunk-4PZJV3KZ.js"
    },
    "chunk-IXWXOSOL": {
      "file": "chunk-IXWXOSOL.js"
    },
    "chunk-IJKRIHJI": {
      "file": "chunk-IJKRIHJI.js"
    },
    "chunk-4SNWTT7U": {
      "file": "chunk-4SNWTT7U.js"
    },
    "chunk-NQ4HTGF6": {
      "file": "chunk-NQ4HTGF6.js"
    }
  }
}